word1,word2,n,decade
NA,NA,98,1900s
lynch,law,3,1900s
officers,found,3,1900s
city,council,2,1900s
county,officers,2,1900s
democratic,party,2,1900s
due,process,2,1900s
hemphill,jail,2,1900s
july,16,2,1900s
june,29,2,1900s
miss,setzer,2,1900s
negro,dance,2,1900s
osage,nation,2,1900s
public,sentiment,2,1900s
race,war,2,1900s
republican,nomination,2,1900s
robert,wright,2,1900s
solid,south,2,1900s
southern,papers,2,1900s
unjustly,suffer,2,1900s
white,farmer,2,1900s
white,people,2,1900s
white,woman,2,1900s
1,00,1,1900s
1,08,1,1900s
1,charles,1,1900s
1,list,1,1900s
12,1902,1,1900s
1207,latrobe,1,1900s
13,william,1,1900s
138,endicott,1,1900s
14,elkhorn,1,1900s
15,clarksburs,1,1900s
16,upland,1,1900s
18,1904,1,1900s
190,east,1,1900s
1902,typewriting,1,1900s
2000,3008,1,1900s
22,eleven,1,1900s
22,keysti,1,1900s
23,24,1,1900s
25,cents,1,1900s
26,maybeury,1,1900s
3,bluefield,1,1900s
3,papers,1,1900s
30,ennis,1,1900s
34,inches,1,1900s
34ary,july,1,1900s
35,charleston,1,1900s
37,huntington,1,1900s
372,pages,1,1900s
38,gior,1,1900s
38,st,1,1900s
39,gilliam,1,1900s
4,amount,1,1900s
4,bramwell,1,1900s
40,huntington,1,1900s
41,bluefeld,1,1900s
5,00,1,1900s
5,amount,1,1900s
5,parkersburg,1,1900s
6,amount,1,1900s
70,students,1,1900s
8,hill,1,1900s
8,sensation,1,1900s
813,swann,1,1900s
9,1,1,1900s
absolutely,fol,1,1900s
active,booker,1,1900s
adam,pendley,1,1900s
adequately,describe,1,1900s
afroamerican,citizen,1,1900s
afterward,register,1,1900s
albert,mcgruder,1,1900s
ald,charles,1,1900s
amount,paid,1,1900s
anna,cooper,1,1900s
apolis,sibley,1,1900s
approach,fear,1,1900s
april,10th,1,1900s
armory,16thand,1,1900s
arthur's,birthday,1,1900s
assigned,hinu,1,1900s
assistant,united,1,1900s
ataresting,vol,1,1900s
attorneys,leahy,1,1900s
august,18,1,1900s
august,23,1,1900s
avenue,board,1,1900s
awaiting,trial,1,1900s
barbario,savagery,1,1900s
battering,ram,1,1900s
bestknown,white,1,1900s
birthday,party,1,1900s
black,guiding,1,1900s
black,savages,1,1900s
blank,cartridges,1,1900s
blinols,national,1,1900s
bloody,fraud,1,1900s
bolerjack,home,1,1900s
boston,mass,1,1900s
box,fostermilburn,1,1900s
boxes,october,1,1900s
brownsville,battalion,1,1900s
buildings,climate,1,1900s
burns,kidney,1,1900s
burnt,cork,1,1900s
business,league,1,1900s
business,worlds,1,1900s
call,street,1,1900s
campaign,issues,1,1900s
campaign,speakers,1,1900s
candidacy,rukard,1,1900s
cardinal,unjustly,1,1900s
carmi,ill,1,1900s
cash,securities,1,1900s
catch,alleged,1,1900s
cent,inno,1,1900s
center,tex,1,1900s
central,committeemen,1,1900s
cents,sunday,1,1900s
chairman,colored,1,1900s
charles,bolerjack,1,1900s
charleston,july,1,1900s
che,dovr,1,1900s
chil,queen,1,1900s
children,mary,1,1900s
chu,cli,1,1900s
citizens,accused,1,1900s
city,afterward,1,1900s
city,convention,1,1900s
city,judge,1,1900s
class,meais,1,1900s
climate,unsurpassed,1,1900s
clock,smooth,1,1900s
club,organized,1,1900s
col,daniel,1,1900s
col,moriarty,1,1900s
college,preparatory,1,1900s
colored,speakers,1,1900s
colored,voters,1,1900s
con,ness,1,1900s
conven,rose,1,1900s
coroner's,jury,1,1900s
cotteral's,court,1,1900s
council,monday,1,1900s
county,central,1,1900s
county,peace,1,1900s
creditably,meals,1,1900s
cries,brought,1,1900s
criminal's,conviction,1,1900s
crying,evil,1,1900s
cuous,slaying,1,1900s
curry,yates,1,1900s
daniel,moriarty,1,1900s
daughter,rudd,1,1900s
day,club,1,1900s
days,ago,1,1900s
deaf,ear,1,1900s
dearborn,street,1,1900s
death,culminating,1,1900s
decent,govern,1,1900s
decorated,flowers,1,1900s
decoration,day,1,1900s
dedication,exercises,1,1900s
defenceless,condition,1,1900s
demanded,admittance,1,1900s
denunciation,falls,1,1900s
department,test,1,1900s
deplorable,result,1,1900s
des,moines,1,1900s
differthe,books,1,1900s
din,ed,1,1900s
disgraceful,scenes,1,1900s
disguise,walked,1,1900s
dishonor,worse,1,1900s
dixon,line,1,1900s
doctor,tapped,1,1900s
drunken,negroes,1,1900s
dustrial,training,1,1900s
east,carmi,1,1900s
east,sixth,1,1900s
ed,business,1,1900s
effect,jail,1,1900s
elkhorn,ju,1,1900s
elwell,smith,1,1900s
endicott,arcade,1,1900s
enjoyable,evening,1,1900s
ennis,ju,1,1900s
evening,paign,1,1900s
excellent,reputation,1,1900s
execution,sum,1,1900s
exercises,ran,1,1900s
exterminate,prosperous,1,1900s
extra,mob,1,1900s
fades,form,1,1900s
farmer,hang,1,1900s
favorable,plated,1,1900s
favorable,reports,1,1900s
federal,court,1,1900s
federal,govern,1,1900s
federal,government,1,1900s
federal,supervision,1,1900s
fiendish,crime,1,1900s
fifty,dollars,1,1900s
fighting,blood,1,1900s
filled,creditably,1,1900s
fine,time,1,1900s
finished,scholar,1,1900s
flourish,weapons,1,1900s
foraker,dick,1,1900s
forks,send,1,1900s
form,half,1,1900s
found,riddled,1,1900s
fox,wilson,1,1900s
frank,doremus,1,1900s
french,duels,1,1900s
frenzied,hatred,1,1900s
friday,evening,1,1900s
futile,resistance,1,1900s
gallant,aids,1,1900s
garden,flowers,1,1900s
gibbs,ist,1,1900s
giving,minute,1,1900s
godfrey's,tenth,1,1900s
gov,noel,1,1900s
governor,noel,1,1900s
grand,affair,1,1900s
grand,lecturer,1,1900s
grand,march,1,1900s
grand,mill,1,1900s
grandmother,snipped,1,1900s
greatly,decreased,1,1900s
green,mike,1,1900s
greengard,plating,1,1900s
grew,bold,1,1900s
growing,sentiment,1,1900s
guarded,heavily,1,1900s
guards,dedicated,1,1900s
guards,rushed,1,1900s
guiding,star,1,1900s
gulleful,means,1,1900s
guthrie,questioning,1,1900s
hanged,tonight,1,1900s
hardy,mcgruder,1,1900s
harmless,affairs,1,1900s
heinous,lawlessness,1,1900s
held,negro,1,1900s
hemphill,texas,1,1900s
holmes,simms,1,1900s
hon,mifflin,1,1900s
horrible,picture,1,1900s
houston,light,1,1900s
huge,liveoaks,1,1900s
hugh,dean,1,1900s
human,fiend,1,1900s
human,life,1,1900s
hundred,yards,1,1900s
huntington,ju,1,1900s
huntington,jur,1,1900s
hurd,light,1,1900s
hurried,appeals,1,1900s
husband,forget,1,1900s
ida,lee,1,1900s
ill.marshall,rudd,1,1900s
impartial,republican,1,1900s
imposing,affair,1,1900s
infantry,blinols,1,1900s
information,fifty,1,1900s
ing,futile,1,1900s
ing,writer,1,1900s
inhuman,practices,1,1900s
innocent,brother,1,1900s
insurance,company,1,1900s
interview,sidered,1,1900s
jackson,miss,1,1900s
jail,hangs,1,1900s
johnson,curry,1,1900s
johnson,wright,1,1900s
johnson's,brotherin,1,1900s
jordan,chavis,1,1900s
judge,gibbs,1,1900s
judge,lynch,1,1900s
judge,northwestern,1,1900s
july,10,1,1900s
july,14,1,1900s
july,20,1,1900s
july,21,1,1900s
july,24,1,1900s
june,1,1,1900s
june,13,1,1900s
june,22,1,1900s
june,25,1,1900s
jury,guaranteed,1,1900s
kein,host,1,1900s
kill,johnson,1,1900s
killed,policeman,1,1900s
kills,white,1,1900s
kirby,2932,1,1900s
knives,forks,1,1900s
ky,june,1,1900s
labor,unions,1,1900s
latrobe,street,1,1900s
lawful,executions,1,1900s
lawless,manner,1,1900s
leader,spoke,1,1900s
leading,afroamerican,1,1900s
leave,tonight,1,1900s
lee,setzer,1,1900s
left,wishing,1,1900s
life,insurance,1,1900s
light,fuel,1,1900s
light,guards,1,1900s
limb,shoots,1,1900s
lish,music,1,1900s
lost,sight,1,1900s
loving,prospects,1,1900s
lowa,sept,1,1900s
lute,lish,1,1900s
ly,12,1,1900s
ly,17,1,1900s
ly,23,1,1900s
ly,3,1,1900s
ly,6,1,1900s
ly,administration,1,1900s
lying,allegation,1,1900s
lynched,burned,1,1900s
lynched,cut,1,1900s
lynched,inconse,1,1900s
lynched,nelse,1,1900s
lyuch,law,1,1900s
malefactor's,crime,1,1900s
mark,left,1,1900s
mary,execution,1,1900s
mass,august,1,1900s
mcgruder,fox,1,1900s
meais,proceedings,1,1900s
meals,25,1,1900s
menced,assaulting,1,1900s
ments,college,1,1900s
messrs,hardy,1,1900s
metal,equal,1,1900s
mifflin,pris√©,1,1900s
mike,white,1,1900s
mind,standing,1,1900s
minute,details,1,1900s
miss,kirby,1,1900s
miss,sept,1,1900s
miss,september,1,1900s
missouri,decent,1,1900s
mob,attack,1,1900s
mob,broke,1,1900s
mob,stormed,1,1900s
mob,storms,1,1900s
moines,lowa,1,1900s
monday,evening,1,1900s
money,collected,1,1900s
morbid,pity,1,1900s
morn,sizes,1,1900s
morristown,tenn,1,1900s
mount,vernon,1,1900s
mujuly,1,1,1900s
murder,citizens,1,1900s
music,shorthand,1,1900s
musterkansas,che,1,1900s
nation,attorneys,1,1900s
national,democratic,1,1900s
national,government,1,1900s
national,guards,1,1900s
needless,procrastination,1,1900s
negro,19,1,1900s
negro,business,1,1900s
negro,elwell,1,1900s
negro,kills,1,1900s
negro,ve,1,1900s
negro,voters,1,1900s
negro's,attentions,1,1900s
negroes,accused,1,1900s
negroes,grew,1,1900s
negroes,lynched,1,1900s
negroes,set,1,1900s
nely,8,1,1900s
nev,ofat,1,1900s
newspapers,giving,1,1900s
night,hugh,1,1900s
night,seized,1,1900s
ning,april,1,1900s
nomination,lute,1,1900s
noose,broke,1,1900s
normal,eng,1,1900s
north,6,1,1900s
northwestern,board,1,1900s
observera,whe,1,1900s
occurrences,ogize,1,1900s
october,12,1,1900s
ofat,alty,1,1900s
officers,cap,1,1900s
ohio,dis,1,1900s
ohio,vendetta,1,1900s
oppo,favorably,1,1900s
opposite,direction,1,1900s
osage,july,1,1900s
oxford,miss,1,1900s
page,1,1,1900s
papers,denounce,1,1900s
papers,lege,1,1900s
papers,protest,1,1900s
parkersburg,jus,1,1900s
parties,unknown,1,1900s
party,blind,1,1900s
party,question,1,1900s
party,tickets,1,1900s
passion,stirred,1,1900s
past,lorted,1,1900s
paul,trust,1,1900s
pawhuska,produced,1,1900s
peace,armed,1,1900s
peace,officers,1,1900s
perry,price,1,1900s
persons,concerned,1,1900s
phyllis,wheatley,1,1900s
picture,fades,1,1900s
pity,popular,1,1900s
plated,ware,1,1900s
pledges,ton,1,1900s
poked,revolver,1,1900s
police,sixth,1,1900s
policeman,banter,1,1900s
political,conditions,1,1900s
politici,cleo,1,1900s
porter,messrs,1,1900s
postmaster,north,1,1900s
practically,run,1,1900s
preparatory,normal,1,1900s
president,roosevelt's,1,1900s
prominent,representatives,1,1900s
pronounced,sentence,1,1900s
prosperous,cash,1,1900s
providence,ky,1,1900s
public,officials,1,1900s
public,sympathy,1,1900s
publican,politics,1,1900s
purpose,pleaded,1,1900s
ran,immediately,1,1900s
rangers,lattie,1,1900s
rangers,pushed,1,1900s
reasonable,bounds,1,1900s
recent,interview,1,1900s
recent,months,1,1900s
register,er,1,1900s
regulated,clock,1,1900s
remembered,gathered,1,1900s
remust,pushing,1,1900s
reported,tonight,1,1900s
republican,observera,1,1900s
republican,party,1,1900s
republicans,hereabouts,1,1900s
restore,peace,1,1900s
retire,pulling,1,1900s
rev,judson,1,1900s
roosevelt's,treat,1,1900s
ropes,descended,1,1900s
rousing,majority,1,1900s
sabine,county,1,1900s
safe,keeping,1,1900s
san,au,1,1900s
san,lotta,1,1900s
satisfaction,hunter,1,1900s
saturday,night,1,1900s
savage,cry,1,1900s
savage,mobs,1,1900s
savages,invariably,1,1900s
scott,pawhuska,1,1900s
secretary,tuition,1,1900s
section,south,1,1900s
secured,jake,1,1900s
seizing,riet,1,1900s
senate,meeting,1,1900s
sept,6,1,1900s
sept,9,1,1900s
september,13,1,1900s
setzer,miss,1,1900s
sheriff,adam,1,1900s
short,time,1,1900s
shot,1897,1,1900s
silas,hare,1,1900s
similar,disgraceful,1,1900s
similarly,served,1,1900s
simms,jr,1,1900s
sixth,district,1,1900s
sixth,street,1,1900s
slay,robert,1,1900s
societies,republican,1,1900s
sons,participated,1,1900s
south,gates,1,1900s
south,syracuse,1,1900s
southern,hon,1,1900s
speci,line,1,1900s
special,officers,1,1900s
st,albans,1,1900s
st,apply,1,1900s
st,paul,1,1900s
standing,space,1,1900s
stat,cor,1,1900s
statesboro,georgia,1,1900s
store,st,1,1900s
storms,jail,1,1900s
street,502,1,1900s
street,northwest,1,1900s
students,buildings,1,1900s
sunday,din,1,1900s
sunday,eve,1,1900s
supable,rates,1,1900s
surprise,party,1,1900s
swann,street,1,1900s
table,refreshments,1,1900s
taft,cam,1,1900s
tariff,dustrial,1,1900s
tary,ball,1,1900s
terposed,objections,1,1900s
territorial,government,1,1900s
texas,june,1,1900s
texas,race,1,1900s
thirtysixth,district,1,1900s
thunderous,tones,1,1900s
thursday,august,1,1900s
thursday,night,1,1900s
ticket,exprend,1,1900s
time,ago,1,1900s
time,judge,1,1900s
times,withdrawn,1,1900s
tional,held,1,1900s
title,thirtysixth,1,1900s
tol,assign,1,1900s
ton,july,1,1900s
ton,life,1,1900s
tracks,meantime,1,1900s
trivial,offenses,1,1900s
trouble,started,1,1900s
trunks,4.00,1,1900s
tuition,82.00,1,1900s
union,north,1,1900s
unjustifiable,lynching,1,1900s
unlawful,killing,1,1900s
unsurpassed,depart,1,1900s
untiring,efforts,1,1900s
upland,ju,1,1900s
upright,judge,1,1900s
vain,en,1,1900s
varied,experience,1,1900s
vernon,ill.marshall,1,1900s
vicinity,armed,1,1900s
victim,reached,1,1900s
visany,landslide,1,1900s
wabasha,call,1,1900s
wade,wilton,1,1900s
war,department,1,1900s
ware,replated,1,1900s
weak,spots,1,1900s
weapons,sixshooters,1,1900s
wednesday,morning,1,1900s
week,ago,1,1900s
wellknown,kindly,1,1900s
west,train,1,1900s
white,county,1,1900s
white,farmers,1,1900s
white,mar,1,1900s
white,savages,1,1900s
white,wom,1,1900s
white,woman's,1,1900s
whites,arm,1,1900s
whites,slain,1,1900s
wide,experience,1,1900s
wide,interval,1,1900s
wife,crazed,1,1900s
wife,denies,1,1900s
william,burns,1,1900s
william,stimson,1,1900s
win,safely,1,1900s
woman's,throat,1,1900s
woman's,throatand,1,1900s
wood,addresses,1,1900s
wright,johnson's,1,1900s
yates,wade,1,1900s
york,age,1,1900s
york,evening,1,1900s
york,june,1,1900s
